signal,algo,CR,NMSE_dB,SNR_dB,source,rate_bps
pure,ASBC,86.77966101694915,-294.5945279385708,294.5945279385708,MATLAB benchmark_results.mat,0.184375
pure,DWT-Hybrid,5.402268530730678,-35.523308400489555,35.523308400489555,MATLAB benchmark_results.mat,2.9617187499999997
sag,ASBC,44.71615720524017,-33.97345307771622,33.97345307771622,MATLAB benchmark_results.mat,0.35781250000000003
sag,DWT-Hybrid,4.0,-34.672902976348674,34.672902976348674,MATLAB benchmark_results.mat,4.0
swell,ASBC,48.64608076009501,-32.94291227979822,32.94291227979822,MATLAB benchmark_results.mat,0.32890625
swell,DWT-Hybrid,4.04943153732081,-35.3800132738592,35.3800132738592,MATLAB benchmark_results.mat,3.9511718750000004
interruption,ASBC,38.49624060150376,-27.82840285957777,27.82840285957777,MATLAB benchmark_results.mat,0.415625
interruption,DWT-Hybrid,4.147848101265823,-25.654374860391968,25.654374860391968,MATLAB benchmark_results.mat,3.8574218749999996
harmonics,ASBC,60.59171597633136,-33.69686716281632,33.69686716281632,MATLAB benchmark_results.mat,0.26406250000000003
harmonics,DWT-Hybrid,2.8182193477363424,-37.57241652039785,37.57241652039785,MATLAB benchmark_results.mat,5.6773437499999995
osc_transient,ASBC,12.595325953259533,-33.573611705711535,33.573611705711535,MATLAB benchmark_results.mat,1.2703125
osc_transient,DWT-Hybrid,4.381217242485827,-35.20371775921532,35.20371775921532,MATLAB benchmark_results.mat,3.651953125
notch,ASBC,17.326565143824027,-26.44621717282799,26.44621717282799,MATLAB benchmark_results.mat,0.9234375
notch,DWT-Hybrid,4.111624171853042,-34.453360407381474,34.453360407381474,MATLAB benchmark_results.mat,3.8914062499999997
flicker,ASBC,75.01831501831502,-34.518077932099665,34.518077932099665,MATLAB benchmark_results.mat,0.21328124999999998
flicker,DWT-Hybrid,4.174054825231836,-35.66275453897938,35.66275453897938,MATLAB benchmark_results.mat,3.833203125
spike,ASBC,10.369620253164557,-25.8519530381167,25.8519530381167,MATLAB benchmark_results.mat,1.54296875
spike,DWT-Hybrid,5.279711265790152,-34.801114051076205,34.801114051076205,MATLAB benchmark_results.mat,3.03046875
complex,ASBC,8.927637314734088,-28.497861085119776,28.497861085119776,MATLAB benchmark_results.mat,1.7921875
complex,DWT-Hybrid,3.332519729883655,-35.83677071157738,35.83677071157738,MATLAB benchmark_results.mat,4.801171875
pure,CS-OMP,4.904214559386973,-94.09726862709462,94.09726862709462,numerical mirror of supplied MATLAB logic,3.2625
sag,CS-OMP,4.904214559386973,-43.013635537327886,43.013635537327886,numerical mirror of supplied MATLAB logic,3.2625
swell,CS-OMP,4.904214559386973,-44.55201030117625,44.55201030117625,numerical mirror of supplied MATLAB logic,3.2625
interruption,CS-OMP,4.904214559386973,-31.72861548389151,31.72861548389151,numerical mirror of supplied MATLAB logic,3.2625
harmonics,CS-OMP,4.904214559386973,-93.84594696605937,93.84594696605937,numerical mirror of supplied MATLAB logic,3.2625
osc_transient,CS-OMP,4.904214559386973,-27.251371439820304,27.251371439820304,numerical mirror of supplied MATLAB logic,3.2625
notch,CS-OMP,4.904214559386973,-32.69181019365042,32.69181019365042,numerical mirror of supplied MATLAB logic,3.2625
flicker,CS-OMP,4.904214559386973,-64.77596622574171,64.77596622574171,numerical mirror of supplied MATLAB logic,3.2625
spike,CS-OMP,4.904214559386973,-23.95868666281819,23.95868666281819,numerical mirror of supplied MATLAB logic,3.2625
complex,CS-OMP,4.904214559386973,-26.414319920633112,26.414319920633112,numerical mirror of supplied MATLAB logic,3.2625
pure,MMC,29.257142857142856,-79.9210537311646,79.9210537311646,numerical mirror of supplied MATLAB logic,0.546875
sag,MMC,20.30738720872583,-76.56969988442627,76.56969988442627,numerical mirror of supplied MATLAB logic,0.787890625
swell,MMC,25.25277435265105,-76.69529847083851,76.69529847083851,numerical mirror of supplied MATLAB logic,0.63359375
interruption,MMC,31.195734958111192,-75.39145798107143,75.39145798107143,numerical mirror of supplied MATLAB logic,0.512890625
harmonics,MMC,16.423416198877305,-52.95686809660219,52.95686809660219,numerical mirror of supplied MATLAB logic,0.97421875
osc_transient,MMC,25.362229102167184,-34.12943309870558,34.12943309870558,numerical mirror of supplied MATLAB logic,0.630859375
notch,MMC,25.456805469235547,-45.36212254582247,45.36212254582247,numerical mirror of supplied MATLAB logic,0.628515625
flicker,MMC,16.58971243418388,-72.434145262479,72.434145262479,numerical mirror of supplied MATLAB logic,0.964453125
spike,MMC,25.61601000625391,-74.91444771436468,74.91444771436468,numerical mirror of supplied MATLAB logic,0.624609375
complex,MMC,16.312226204699325,-34.90524314001948,34.90524314001948,numerical mirror of supplied MATLAB logic,0.9808593749999999
pure,SVDCS,3.1920199501246884,-88.89092257236597,88.89092257236597,numerical mirror of supplied MATLAB logic,5.0125
sag,SVDCS,3.1200487507617307,-72.84041266443967,72.84041266443967,numerical mirror of supplied MATLAB logic,5.128125
swell,SVDCS,3.099273607748184,-74.40985554073606,74.40985554073606,numerical mirror of supplied MATLAB logic,5.1625000000000005
interruption,SVDCS,2.802408319649699,-62.132981193024136,62.132981193024136,numerical mirror of supplied MATLAB logic,5.709375
harmonics,SVDCS,3.0277942046126554,-79.12345738188657,79.12345738188657,numerical mirror of supplied MATLAB logic,5.284375
osc_transient,SVDCS,1.8802791039294895,-31.879376475878267,31.879376475878267,numerical mirror of supplied MATLAB logic,8.509375
notch,SVDCS,1.9460281261877612,-64.19953928341441,64.19953928341441,numerical mirror of supplied MATLAB logic,8.221875
flicker,SVDCS,2.8828828828828827,-36.766969140253565,36.766969140253565,numerical mirror of supplied MATLAB logic,5.55
spike,SVDCS,1.841726618705036,-25.487557666254297,25.487557666254297,numerical mirror of supplied MATLAB logic,8.6875
complex,SVDCS,1.827266238401142,-29.00152005961097,29.00152005961097,numerical mirror of supplied MATLAB logic,8.75625
